video_id,file_name,dialect,gloss,top1,top5,closest_train_clip,closest_train_diff,dup_in_train
646,D0551B.mp4,B,1 000 000 (một triệu),1,1,D0551T.mp4,5.356,0
651,D0552T.mp4,T,1 000 000 000 (một tỉ),1,1,D0552B.mp4,2.41,1
644,D0550N.mp4,N,10 000 (mười nghìn),1,1,D0550T.mp4,4.186,0
628,D0540B.mp4,B,11,0,0,D0540T.mp4,19.773,0
633,D0541T.mp4,T,12,0,1,D0541N.mp4,0.302,1
634,D0542N.mp4,N,23,0,1,D0542T.mp4,0.3,1
621,D0535B.mp4,B,6,0,0,D0535T.mp4,20.758,0
658,W00004T.mp4,T,ai,1,1,W00004N.mp4,2.649,1
662,W00009N.mp4,N,anh (nước anh),1,1,W00009T.mp4,0.25,1
666,W00012B.mp4,B,anh dũng,0,0,W00012T.mp4,13.416,0
670,W00013T.mp4,T,anh em,1,1,W00013N.mp4,0.269,1
186,D0143N.mp4,N,"anh hai, anh cả",0,1,D0143T.mp4,5.303,0
676,W00019B.mp4,B,anh ruột,0,0,W00019T.mp4,13.269,0
675,W00018T.mp4,T,anh rể,1,1,W00018N.mp4,0.282,1
721,W00086N.mp4,N,ban đêm,1,1,W00086T.mp4,0.229,1
784,W00145B.mp4,B,bao giờ?,1,1,W00145T.mp4,0.267,1
3879,W00355T.mp4,T,bra-xin (nước bra-xin),0,1,W00355N.mp4,0.249,1
955,W00356N.mp4,N,bru-nây (nước bru-nây),1,1,W00356T.mp4,0.216,1
978,W00374B.mp4,B,buông màn,0,0,W00374T.mp4,20.094,0
3885,W00368T.mp4,T,buổi sáng,1,1,W00368N.mp4,0.296,1
974,W00370N.mp4,N,buổi trưa,1,1,W00370T.mp4,15.877,0
971,W00369B.mp4,B,buổi tối,0,0,W00369T.mp4,13.4,0
970,W00367T.mp4,T,buổi đêm,1,1,W00367N.mp4,0.238,1
715,W00075N.mp4,N,bài thơ,1,1,W00075T.mp4,0.276,1
740,W00107B.mp4,B,bán hàng,0,0,W00107T.mp4,11.235,0
771,W00129T.mp4,T,bánh cuốn,1,1,W00129N.mp4,0.251,1
779,W00137N.mp4,N,bánh mì,1,1,W00137T.mp4,0.262,1
796,W00160B.mp4,B,báo (con báo),0,0,W00160T.mp4,15.629,0
845,W00220T.mp4,T,bé trai,1,1,W00220B.mp4,0.262,1
3863,W00255N.mp4,N,bìa vở,0,0,W00255B.mp4,7.251,0
880,W00274B.mp4,B,bình an,1,1,W00274T.mp4,0.249,1
889,W00286T.mp4,T,bình thường,1,1,W00286N.mp4,0.26,1
3717,D0077N.mp4,N,bít tết (bò),1,1,D0077T.mp4,0.251,1
3871,W00304B.mp4,B,bón phân,0,0,W00304T.mp4,18.769,0
933,W00336T.mp4,T,bông hoa,0,0,W00336N.mp4,0.266,1
986,W00383N.mp4,N,bút màu,1,1,W00383T.mp4,3.38,0
744,W00110B.mp4,B,bạn,0,0,W00110T.mp4,21.228,0
748,W00111T.mp4,T,bạn gái,0,1,W00111N.mp4,0.285,1
750,W00112N.mp4,N,bạn trai,0,1,W00112T.mp4,0.879,1
730,W00099B.mp4,B,bản đồ việt nam,0,0,W00099T.mp4,13.753,0
755,W00119T.mp4,T,bảng cộng,0,1,W00119B.mp4,0.286,1
763,W00124N.mp4,N,bảng nhân,0,0,W00124B.mp4,14.694,0
766,W00126B.mp4,B,bảng trừ,0,1,W00126T.mp4,0.275,1
759,W00121T.mp4,T,bảng đen,1,1,W00121B.mp4,0.276,1
794,W00159N.mp4,N,bảo vệ môi trường,1,1,W00159T.mp4,0.28,1
836,W00214B.mp4,B,bẫy chuột (hành động),0,0,W00214T.mp4,16.17,0
814,W00186T.mp4,T,bắn bi,1,1,W00186N.mp4,0.268,1
822,W00196N.mp4,N,bắp ngô,1,1,W00196T.mp4,0.237,1
839,W00216B.mp4,B,bẻ ngô,0,0,W00216T.mp4,14.511,0
919,W00326T.mp4,T,bố dượng,0,1,W00326N.mp4,0.228,1
3874,W00337N.mp4,N,bốt cảnh sát,1,1,W00337T.mp4,0.287,1
936,W00338B.mp4,B,bốt điện,0,0,W00338T.mp4,12.461,0
923,W00328T.mp4,T,bộ đội,0,0,W00328B.mp4,16.323,0
941,W00341N.mp4,N,bột màu,1,1,W00341T.mp4,0.283,1
959,W00359B.mp4,B,bụi phấn,1,1,W00359T.mp4,0.285,1
992,W00386T.mp4,T,bức tranh,1,1,W00386B.mp4,0.269,1
1012,W00407N.mp4,N,cam-pu-chia (nước cam-pu-chia),0,0,W00407B.mp4,15.934,0
1156,W00575B.mp4,B,chia,0,0,W00575T.mp4,17.356,0
330,D0250T.mp4,T,chia ba,0,1,D0250B.mp4,0.255,1
326,D0249N.mp4,N,chia đôi,0,0,D0249T.mp4,11.884,0
1165,W00584B.mp4,B,chiếc gối,0,0,W00584T.mp4,18.332,0
1262,W00691T.mp4,T,chuyên gia,1,1,W00691N.mp4,0.26,1
1232,W00662N.mp4,N,chuẩn bị,1,1,W00662T.mp4,0.169,1
1092,W00495B.mp4,B,cháu gái,0,0,W00495T.mp4,12.698,0
205,D0154T.mp4,T,cháu họ,0,1,D0154N.mp4,10.247,0
3906,W00496N.mp4,N,cháu ngoại,0,0,W00496B.mp4,12.834,0
1096,W00497B.mp4,B,cháu nội,0,0,W00497T.mp4,16.883,0
1120,W00516T.mp4,T,châm cứu,0,0,W00516N.mp4,17.796,0
1194,W00620N.mp4,N,chính xác,1,1,W00620T.mp4,0.209,1
1226,W00655B.mp4,B,chùa,0,0,W00655T.mp4,16.725,0
3934,W00663T.mp4,T,chúc mừng,1,1,W00663N.mp4,0.237,1
1239,W00665N.mp4,N,chúc thọ,1,1,W00665T.mp4,0.168,1
1235,W00664B.mp4,B,chúc tết,0,0,W00664T.mp4,18.12,0
1108,W00508T.mp4,T,chăm sóc sức khỏe,0,0,W00508N.mp4,18.788,0
3910,W00509N.mp4,N,chăn (cái chăn),1,1,W00509T.mp4,0.178,1
1111,W00510B.mp4,B,chăn nuôi,0,0,W00510T.mp4,17.311,0
1082,W00484T.mp4,T,chả cá,1,1,W00484B.mp4,0.275,1
1089,W00493N.mp4,N,chảo,1,1,W00493T.mp4,0.27,1
1115,W00513B.mp4,B,chặt,0,0,W00513T.mp4,14.253,0
3920,W00570T.mp4,T,chị,0,1,W00570B.mp4,0.251,1
188,D0144N.mp4,N,"chị hai, chị cả",1,1,D0144B.mp4,5.063,0
199,D0152B.mp4,B,chị họ,1,1,D0152T.mp4,0.263,1
1205,W00633T.mp4,T,chống đối,1,1,W00633B.mp4,0.222,1
1219,W00649N.mp4,N,chủ tịch,1,1,W00649T.mp4,0.293,1
1274,W00708B.mp4,B,chữa bài,1,1,W00708T.mp4,0.247,1
1296,W00734T.mp4,T,con bê,0,0,W00734B.mp4,17.606,0
3943,W00735N.mp4,N,con bò,1,1,W00735T.mp4,0.24,1
1308,W00742B.mp4,B,con chuột,0,0,W00742T.mp4,20.177,0
1305,W00739T.mp4,T,con chó,1,1,W00739N.mp4,0.257,1
1300,W00737N.mp4,N,con cá,0,0,W00737T.mp4,19.502,0
1314,W00747B.mp4,B,con cọp,0,0,W00747T.mp4,17.297,0
3945,W00768T.mp4,T,con kiến,0,1,W00768B.mp4,0.247,1
1340,W00770N.mp4,N,con lợn (con heo),0,0,W00770T.mp4,15.26,0
1346,W00773B.mp4,B,con muỗi,1,1,W00773T.mp4,0.23,1
1345,W00772T.mp4,T,con mèo,1,1,W00772N.mp4,0.26,1
1352,W00777N.mp4,N,con người,0,0,W00777T.mp4,18.905,0
1353,W00778B.mp4,B,con ngựa,0,0,W00778T.mp4,19.488,0
1359,W00780T.mp4,T,con nuôi,0,0,W00780N.mp4,12.919,0
3952,W00797N.mp4,N,con tôm,1,1,W00797T.mp4,0.269,1
1381,W00803B.mp4,B,con voi,1,1,W00803T.mp4,0.256,1
1328,W00758T.mp4,T,con ếch,0,0,W00758N.mp4,18.026,0
245,D0182N.mp4,N,cung điện,1,1,D0182T.mp4,7.057,0
1001,W00398B.mp4,B,cá kho,0,0,W00398T.mp4,19.603,0
1008,W00404T.mp4,T,cái gương,1,1,W00404N.mp4,0.197,1
1046,W00444N.mp4,N,câu thơ,1,1,W00444T.mp4,0.269,1
1061,W00459B.mp4,B,cây cổ thụ,0,0,W00459T.mp4,15.748,0
1067,W00469T.mp4,T,cây ngô,1,1,W00469N.mp4,0.252,1
1069,W00470N.mp4,N,cây phượng,1,1,W00470T.mp4,0.271,1
1072,W00474B.mp4,B,cây thân gỗ,0,0,W00474T.mp4,16.914,0
3606,W03945T.mp4,T,cây xanh tươi,1,1,W03945N.mp4,0.245,1
1057,W00456N.mp4,N,cây ăn quả,1,1,W00456T.mp4,0.245,1
1390,W00812B.mp4,B,cô giáo,1,1,W00812T.mp4,0.232,1
383,D0307T.mp4,T,công nghiệp,1,1,D0307N.mp4,0.262,1
1422,W00850N.mp4,N,công viên,1,1,W00850T.mp4,0.246,1
1439,W00868B.mp4,B,cơ hội,0,0,W00868T.mp4,15.175,0
3966,W00885T.mp4,T,cơm bình dân,0,0,W00885B.mp4,14.131,0
1484,W00943N.mp4,N,cướp,1,1,W00943T.mp4,0.28,1
3729,D0122B.mp4,B,cần không?,0,0,D0122T.mp4,10.579,0
3881,W00357T.mp4,T,cỏ,0,0,W00357N.mp4,0.216,1
1398,W00820N.mp4,N,cố gắng,1,1,W00820T.mp4,0.241,1
1428,W00857B.mp4,B,cộng (toán học),1,1,W00857T.mp4,0.245,1
1436,W00863T.mp4,T,cột điện,1,1,W00863N.mp4,0.235,1
3975,W00935N.mp4,N,cửa hàng,0,0,W00935T.mp4,14.325,0
3777,D0347B.mp4,B,da ngăm (nước da ngăm đen),0,0,D0347T.mp4,13.295,0
424,D0346T.mp4,T,da trắng,1,1,D0346N.mp4,0.252,1
1557,W01032N.mp4,N,di truyền,0,0,W01032B.mp4,12.551,0
3751,D0209B.mp4,B,dám làm,1,1,D0209T.mp4,0.213,1
1520,W00988T.mp4,T,dân tộc,1,1,W00988N.mp4,0.281,1
1522,W00989N.mp4,N,dân tộc thiểu số,1,1,W00989T.mp4,0.212,1
1543,W01016B.mp4,B,dây điện,0,0,W01016T.mp4,15.063,0
1549,W01022T.mp4,T,dép quai hậu,0,1,W01022B.mp4,0.25,1
607,D0524N.mp4,N,dấu huyền,0,0,D0524B.mp4,19.357,0
611,D0526B.mp4,B,dấu hỏi,0,0,D0526T.mp4,20.201,0
615,D0527T.mp4,T,dấu ngã,1,1,D0527N.mp4,0.278,1
609,D0525N.mp4,N,dấu sắc,0,0,D0525B.mp4,20.245,0
1559,W01033B.mp4,B,dịch vụ,0,0,W01033T.mp4,14.733,0
3764,D0271T.mp4,T,dỗi,0,1,D0271N.mp4,0.238,1
1778,W01348N.mp4,N,e thẹn,0,0,W01348T.mp4,13.225,0
3737,D0153B.mp4,B,em họ,0,1,D0153T.mp4,10.116,0
1783,W01351T.mp4,T,em rể,0,0,W01351N.mp4,15.606,0
4025,W01352N.mp4,N,em trai,0,1,W01352T.mp4,0.227,1
1790,W01364B.mp4,B,ga tàu,0,0,W01364T.mp4,16.8,0
22,D0019T.mp4,T,ghen tị,1,1,D0019N.mp4,0.223,1
1858,W01453N.mp4,N,giao tiếp,1,1,W01453T.mp4,0.241,1
1839,W01433B.mp4,B,giá trị,0,0,W01433T.mp4,16.907,0
1844,W01434T.mp4,T,giá trị phần trăm,1,1,W01434N.mp4,0.225,1
4036,W01447N.mp4,N,gián tiếp,1,1,W01447T.mp4,0.258,1
1889,W01497B.mp4,B,giúp đỡ,0,0,W01497T.mp4,17.088,0
4041,W01470T.mp4,T,giấy,0,1,W01470N.mp4,0.259,1
1873,W01472N.mp4,N,giấy màu,0,1,W01472T.mp4,0.213,1
1875,W01473B.mp4,B,giấy nháp,0,0,W01473T.mp4,16.405,0
1871,W01471T.mp4,T,giấy ăn,0,1,W01471N.mp4,0.235,1
1803,W01384N.mp4,N,gạo,1,1,W01384T.mp4,0.256,1
4031,W01403B.mp4,B,gầy (miền nam: ốm),0,0,W01403T.mp4,12.95,0
4049,W01516T.mp4,T,gỗ,0,0,W01516N.mp4,17.412,0
578,D0500N.mp4,N,h,1,1,D0500T.mp4,9.674,0
417,D0342B.mp4,B,ham chơi,0,1,D0342T.mp4,0.207,1
320,D0243T.mp4,T,hay là (hoặc là),1,1,D0243N.mp4,0.198,1
1959,W01583N.mp4,N,hi sinh,1,1,W01583B.mp4,14.455,0
4058,W01584B.mp4,B,hi vọng,1,1,W01584T.mp4,0.135,1
1966,W01591T.mp4,T,hiểu,0,1,W01591N.mp4,0.222,1
1983,W01619N.mp4,N,hoa,0,0,W01619B.mp4,11.56,0
1989,W01629B.mp4,B,hoa sen,0,0,W01629T.mp4,16.825,0
2003,W01655T.mp4,T,hoạt hình,0,0,W01655N.mp4,0.234,1
251,D0188N.mp4,N,hoặc,1,1,D0188T.mp4,0.214,1
2059,W01721B.mp4,B,huyện,0,0,W01721T.mp4,17.853,0
3745,D0170T.mp4,T,hàng ngày,0,1,D0170N.mp4,0.243,1
1933,W01557N.mp4,N,hành quân,0,0,W01557T.mp4,14.345,0
1947,W01576B.mp4,B,héc-tô-gam (hg),0,0,W01576T.mp4,13.703,0
1950,W01577T.mp4,T,héc-tô-mét (hm),1,1,W01577N.mp4,0.203,1
1951,W01578N.mp4,N,héc-tô-mét vuông (hm2),1,1,W01578T.mp4,0.213,1
3743,D0163B.mp4,B,hẹn,0,0,D0163T.mp4,7.169,0
1957,W01582T.mp4,T,hệ thống,1,1,W01582N.mp4,0.192,1
2023,W01677N.mp4,N,họp,0,0,W01677B.mp4,14.826,0
3798,D0452B.mp4,B,họp nhóm,0,1,D0452T.mp4,0.263,1
4066,W01672T.mp4,T,hỏi,1,1,W01672N.mp4,0.204,1
2019,W01675N.mp4,N,hỏng,0,0,W01675T.mp4,15.143,0
2034,W01692B.mp4,B,hối hận,0,0,W01692T.mp4,16.643,0
2033,W01690T.mp4,T,hồi hộp,1,1,W01690B.mp4,0.272,1
221,D0165N.mp4,N,hứa,1,1,D0165T.mp4,0.214,1
40,D0033B.mp4,B,không cho,0,0,D0033T.mp4,8.115,0
285,D0210T.mp4,T,không dám,0,1,D0210B.mp4,6.921,0
2142,W01840N.mp4,N,không hiểu,1,1,W01840T.mp4,0.188,1
256,D0190B.mp4,B,không muốn,0,0,D0190T.mp4,7.034,0
38,D0031T.mp4,T,không nghe lời,1,1,D0031N.mp4,0.244,1
45,D0035N.mp4,N,không nên,1,1,D0035T.mp4,5.022,0
146,D0109B.mp4,B,không quen,1,1,D0109T.mp4,0.26,1
174,D0129T.mp4,T,không đẹp,0,1,D0129N.mp4,0.233,1
2130,W01824N.mp4,N,khỏi bệnh,0,0,W01824T.mp4,10.689,0
2176,W01898B.mp4,B,kinh nghiệm,0,0,W01898T.mp4,15.492,0
2167,W01878T.mp4,T,kiểm tra,0,1,W01878N.mp4,0.221,1
2075,W01738N.mp4,N,kém,0,0,W01738T.mp4,16.578,0
2162,W01872B.mp4,B,kí tên,0,0,W01872T.mp4,14.417,0
2080,W01743T.mp4,T,kẹo,0,0,W01743N.mp4,0.149,1
2085,W01754N.mp4,N,kết quả,1,1,W01754T.mp4,0.252,1
2157,W01866B.mp4,B,kỉ niệm,0,0,W01866T.mp4,15.492,0
2244,W01996T.mp4,T,liên bang nga (nước nga),0,0,W01996N.mp4,16.193,0
2246,W01998N.mp4,N,liên hoan,0,0,W01998T.mp4,13.822,0
2249,W02000B.mp4,B,liên lạc,0,0,W02000T.mp4,18.344,0
2254,W02001T.mp4,T,liên quan,0,0,W02001N.mp4,0.25,1
353,D0272N.mp4,N,liếc nhìn,0,0,D0272T.mp4,10.462,0
2266,W02024B.mp4,B,loài vật,0,0,W02024T.mp4,12.164,0
26,D0020T.mp4,T,lung tung,0,1,D0020B.mp4,9.387,0
2289,W02064N.mp4,N,luật chơi,0,1,W02064T.mp4,14.778,0
2187,W01911B.mp4,B,là gì?,0,0,W01911T.mp4,14.619,0
2208,W01945T.mp4,T,lào (nước lào),1,1,W01945B.mp4,0.177,1
4091,W01920N.mp4,N,lái tàu hỏa,1,1,W01920T.mp4,0.254,1
2292,W02066B.mp4,B,lúc nào,0,0,W02066T.mp4,13.099,0
4099,W02012T.mp4,T,lĩnh vực,1,1,W02012N.mp4,0.244,1
2304,W02078N.mp4,N,lười,0,1,W02078T.mp4,0.228,1
2306,W02079B.mp4,B,lười học,0,0,W02079T.mp4,16.493,0
349,D0270T.mp4,T,lạnh lùng,1,1,D0270B.mp4,0.245,1
67,D0048N.mp4,N,lễ halloween 31/10,0,1,D0048B.mp4,14.812,0
4095,W01978B.mp4,B,lễ hội,1,1,W01978T.mp4,0.305,1
2234,W01982T.mp4,T,lễ hội hóa trang,0,1,W01982B.mp4,0.256,1
4096,W01979N.mp4,N,lễ nô-en,0,0,W01979T.mp4,14.641,0
2391,W02200B.mp4,B,mexico (nước mexico),0,0,W02200T.mp4,13.255,0
3696,D0005T.mp4,T,miến điện (nước mi-an-ma),1,1,D0005N.mp4,0.216,1
2407,W02221N.mp4,N,muốn,1,1,W02221T.mp4,0.262,1
253,D0189B.mp4,B,muốn không?,0,0,D0189T.mp4,7.547,0
2330,W02120T.mp4,T,màn,0,0,W02120N.mp4,16.133,0
2336,W02137N.mp4,N,màu nâu,0,1,W02137T.mp4,0.241,1
2339,W02140B.mp4,B,màu trắng,0,0,W02140T.mp4,14.497,0
2344,W02142T.mp4,T,màu xanh da trời,0,0,W02142N.mp4,8.777,0
2346,W02143N.mp4,N,màu xanh lá cây,0,0,W02143T.mp4,8.866,0
101,D0065B.mp4,B,mách,0,0,D0065T.mp4,7.093,0
2354,W02148T.mp4,T,máy in,1,1,W02148N.mp4,0.245,1
2374,W02178N.mp4,N,mâm ngũ quả,1,1,W02178T.mp4,0.214,1
298,D0223B.mp4,B,mã lai (nước ma-lai-xi-a),0,1,D0223T.mp4,8.678,0
2428,W02243T.mp4,T,môn kĩ thuật,1,1,W02243N.mp4,0.249,1
2430,W02244N.mp4,N,môn lịch sử,0,1,W02244T.mp4,0.242,1
2420,W02239B.mp4,B,môn đạo đức,1,1,W02239T.mp4,0.279,1
3689,W04066T.mp4,T,môn địa lý,1,1,W04066N.mp4,0.235,1
2454,W02270N.mp4,N,mùa hè,0,0,W02270B.mp4,13.953,0
4125,W02272B.mp4,B,mùa xuân,0,0,W02272T.mp4,13.552,0
2381,W02187T.mp4,T,mật khẩu,0,0,W02187N.mp4,15.655,0
2365,W02164N.mp4,N,mắng,0,0,W02164B.mp4,11.683,0
229,D0169B.mp4,B,mỗi ngày,0,0,D0169T.mp4,12.675,0
484,D0410T.mp4,T,một tiếng,1,1,D0410N.mp4,0.26,1
2449,W02264N.mp4,N,mới,1,1,W02264T.mp4,0.922,1
117,D0080B.mp4,B,mỳ tôm,0,0,D0080T.mp4,10.337,0
3718,D0082T.mp4,T,mỳ ý,1,1,D0082N.mp4,0.121,1
2521,W02359N.mp4,N,nghi ngờ,1,1,W02359T.mp4,0.279,1
2536,W02373B.mp4,B,nghiêm khắc,0,0,W02373T.mp4,16.064,0
4139,W02354T.mp4,T,nghé,0,1,W02354N.mp4,0.281,1
2518,W02357N.mp4,N,nghệ thuật,0,0,W02357T.mp4,0.214,1
2523,W02360B.mp4,B,nghỉ hè,0,0,W02360T.mp4,13.829,0
2528,W02361T.mp4,T,nghỉ học,0,1,W02361B.mp4,0.271,1
2563,W02405N.mp4,N,nguy hiểm,0,1,W02405T.mp4,0.283,1
83,D0055B.mp4,B,ngày của cha,1,1,D0055T.mp4,0.275,1
82,D0054T.mp4,T,ngày của mẹ,1,1,D0054B.mp4,0.269,1
87,D0056N.mp4,N,ngày gia đình việt nam 28/6,0,1,D0056B.mp4,12.516,0
59,D0044B.mp4,B,ngày giải phóng miền nam 30/4,1,1,D0044T.mp4,0.206,1
58,D0043T.mp4,T,ngày giải phóng thủ đô 10/10,1,1,D0043B.mp4,0.281,1
75,D0051N.mp4,N,ngày giỗ tổ hùng vương (âm lịch 10/3),1,1,D0051B.mp4,8.615,0
2495,W02336B.mp4,B,ngày nay,0,0,W02336T.mp4,15.696,0
3706,D0052T.mp4,T,ngày ngôn ngữ kí hiệu quốc tế 23/9,1,1,D0052B.mp4,0.181,1
64,D0046N.mp4,N,ngày người khuyết tật thế giới 3/12,0,0,D0046T.mp4,10.73,0
61,D0045B.mp4,B,ngày người khuyết tật việt nam 18/4,0,0,D0045T.mp4,12.272,0
70,D0049T.mp4,T,ngày phụ nữ việt nam 20/10,0,1,D0049N.mp4,8.243,0
2499,W02337N.mp4,N,ngày quốc tế lao động,0,0,W02337B.mp4,14.931,0
54,D0042B.mp4,B,ngày quốc tế phụ nữ 8/3,1,1,D0042T.mp4,13.779,0
4135,W02338T.mp4,T,ngày sinh,0,0,W02338B.mp4,14.944,0
92,D0058N.mp4,N,ngày thành lập quân đội nhân dân việt nam,0,0,D0058B.mp4,10.281,0
2490,W02329B.mp4,B,ngày tháng,0,0,W02329T.mp4,15.88,0
73,D0050T.mp4,T,ngày thương bình liệt sĩ 27/7,1,1,D0050B.mp4,0.255,1
90,D0057N.mp4,N,ngày thầy thuốc việt nam,0,1,D0057T.mp4,0.265,1
2558,W02402B.mp4,B,ngũ quả,0,0,W02402T.mp4,16.096,0
2573,W02430T.mp4,T,người lái xe (ô tô),1,1,W02430N.mp4,0.188,1
2577,W02435N.mp4,N,người quen,1,1,W02435T.mp4,0.253,1
2581,W02438B.mp4,B,người xưa,0,0,W02438T.mp4,15.982,0
4153,W02437T.mp4,T,người xấu,1,1,W02437N.mp4,0.193,1
2585,W02439N.mp4,N,người yêu,0,0,W02439T.mp4,18.079,0
2550,W02394B.mp4,B,ngọn cây,0,0,W02394T.mp4,20.971,0
2556,W02400T.mp4,T,ngồi,0,1,W02400B.mp4,0.243,1
3203,W03327N.mp4,N,ngữ pháp,1,1,W03327T.mp4,0.204,1
4165,W02497B.mp4,B,nhiệt kế,1,1,W02497T.mp4,0.24,1
1585,W01075T.mp4,T,nhà nước,1,1,W01075N.mp4,0.18,1
2593,W02455N.mp4,N,nhà trường,1,1,W02455T.mp4,0.195,1
548,D0470B.mp4,B,nhà văn hóa,0,0,D0470T.mp4,10.012,0
2608,W02473T.mp4,T,nhân (toán học),1,1,W02473N.mp4,0.298,1
2612,W02479N.mp4,N,nhân hậu,0,1,W02479T.mp4,0.288,1
2595,W02461B.mp4,B,nhãn vở,0,0,W02461T.mp4,14.36,0
317,D0242T.mp4,T,nhưng,0,1,D0242B.mp4,0.163,1
96,D0060N.mp4,N,nhầm,1,1,D0060T.mp4,0.241,1
1720,W01259B.mp4,B,nhập ngũ,0,0,W01259T.mp4,17.716,0
2620,W02490T.mp4,T,nhập trường,1,1,W02490N.mp4,0.237,1
2622,W02492N.mp4,N,nhật (nước nhật),0,0,W02492T.mp4,14.918,0
2643,W02520B.mp4,B,no,0,0,W02520T.mp4,16.406,0
166,D0123T.mp4,T,nên không?,1,1,D0123N.mp4,0.238,1
2672,W02555N.mp4,N,nước việt nam,1,1,W02555T.mp4,0.256,1
469,D0396B.mp4,B,nước ép trái cây,0,0,D0396T.mp4,10.844,0
2472,W02292T.mp4,T,nạp điện,1,1,W02292N.mp4,0.237,1
2662,W02540N.mp4,N,nội dung,1,1,W02540T.mp4,0.15,1
3810,D0509B.mp4,B,p,0,0,D0509T.mp4,19.568,0
2741,W02654T.mp4,T,phi-líp-pin (nước phi-líp-pin),0,1,W02654B.mp4,0.223,1
2743,W02656N.mp4,N,phim hoạt hình,0,0,W02656B.mp4,15.035,0
2746,W02658B.mp4,B,phim truyện,1,1,W02658T.mp4,0.221,1
2738,W02651T.mp4,T,phiên dịch,1,1,W02651B.mp4,0.261,1
4174,W02589N.mp4,N,phá,1,1,W02589T.mp4,0.209,1
289,D0214B.mp4,B,phó hiệu trưởng,0,0,D0214T.mp4,7.898,0
2788,W02716T.mp4,T,phương tiện giao thông,1,1,W02716B.mp4,0.431,1
160,D0120N.mp4,N,phải không?,0,1,D0120T.mp4,5.148,0
2706,W02597B.mp4,B,phản bội,0,0,W02597T.mp4,17.633,0
2726,W02630T.mp4,T,phấn (viết bảng),0,1,W02630B.mp4,0.247,1
2769,W02696N.mp4,N,phở,0,1,W02696T.mp4,0.211,1
2771,W02697B.mp4,B,phở cuốn,0,0,W02697T.mp4,14.296,0
4202,W02820T.mp4,T,quyết tâm,1,1,W02820N.mp4,0.262,1
2877,W02814N.mp4,N,quyết định,0,0,W02814B.mp4,17.915,0
2873,W02813B.mp4,B,quyền lợi,1,1,W02813T.mp4,0.222,1
2881,W02818T.mp4,T,quyển vở,1,1,W02818N.mp4,0.296,1
4195,W02797N.mp4,N,quê,1,1,W02797T.mp4,0.234,1
2792,W02724B.mp4,B,quả bưởi,0,0,W02724T.mp4,17.541,0
2800,W02731T.mp4,T,quả dưa hấu,0,1,W02731B.mp4,0.255,1
2802,W02732N.mp4,N,quả dừa,1,1,W02732T.mp4,0.134,1
2804,W02733B.mp4,B,quả dừa xiêm,0,0,W02733T.mp4,14.848,0
4184,W02742T.mp4,T,quả khế,0,1,W02742N.mp4,0.276,1
2821,W02748N.mp4,N,quả nhãn,1,1,W02748T.mp4,0.275,1
4186,W02754B.mp4,B,quả roi,0,0,W02754T.mp4,19.196,0
2811,W02737T.mp4,T,quả đu đủ,1,1,W02737B.mp4,16.583,0
2856,W02787N.mp4,N,quần bò,0,1,W02787T.mp4,0.273,1
2859,W02790B.mp4,B,quận,0,0,W02790T.mp4,16.786,0
2884,W02825T.mp4,T,ra ngoài,1,1,W02825N.mp4,0.131,1
2915,W02868N.mp4,N,rong chơi,0,0,W02868B.mp4,20.504,0
2934,W02897B.mp4,B,rưỡi,1,1,W02897T.mp4,0.197,1
4215,W02898T.mp4,T,rượu,1,1,W02898N.mp4,0.246,1
2894,W02847N.mp4,N,rằm trung thu,1,1,W02847T.mp4,0.271,1
2981,W02956B.mp4,B,sinh sản,0,0,W02956T.mp4,19.794,0
500,D0423T.mp4,T,sinh đôi,1,1,D0423B.mp4,0.262,1
2978,W02953N.mp4,N,sinh đẻ,1,1,W02953T.mp4,0.286,1
3713,D0072B.mp4,B,suýt,0,1,D0072T.mp4,10.592,0
4221,W02940T.mp4,T,sân trường,1,1,W02940N.mp4,0.185,1
3004,W03011N.mp4,N,sơ mi,0,0,W03011T.mp4,17.096,0
2953,W02931B.mp4,B,sắp xếp,0,0,W02931T.mp4,17.818,0
2958,W02932T.mp4,T,sắt,0,0,W02932B.mp4,13.269,0
3739,D0155N.mp4,N,sống sót,0,0,D0155B.mp4,8.433,0
3027,W03042B.mp4,B,sữa,1,1,W03042T.mp4,0.243,1
3017,W03036T.mp4,T,sữa bò,1,1,W03036N.mp4,0.15,1
3019,W03037N.mp4,N,sữa bột,1,1,W03037T.mp4,0.266,1
3021,W03038B.mp4,B,sữa dê,0,1,W03038T.mp4,19.601,0
3025,W03040T.mp4,T,sữa hộp,1,1,W03040B.mp4,0.273,1
594,D0513N.mp4,N,t,0,1,D0513T.mp4,12.204,0
3794,D0432B.mp4,B,tay chân sạch sẽ,1,1,D0432T.mp4,0.256,1
3080,W03138T.mp4,T,tha thứ,0,0,W03138B.mp4,16.013,0
3089,W03153N.mp4,N,tham dự,1,1,W03153T.mp4,0.159,1
3092,W03156B.mp4,B,tham quan,0,0,W03156T.mp4,17.503,0
30,D0024T.mp4,T,tham ăn,1,1,D0024N.mp4,0.267,1
4267,W03243N.mp4,N,thi cử,0,0,W03243T.mp4,17.242,0
4269,W03265B.mp4,B,thiết kế,1,1,W03265T.mp4,0.244,1
278,D0206T.mp4,T,thiếu thốn,1,1,D0206N.mp4,0.281,1
145,D0108N.mp4,N,thiệp sinh nhật,1,1,D0108T.mp4,0.243,1
4280,W03329B.mp4,B,thuê,1,1,W03329T.mp4,0.242,1
3213,W03339T.mp4,T,thuỷ điện,1,1,W03339N.mp4,0.183,1
3105,W03175N.mp4,N,thành lập,0,0,W03175.mp4,11.361,0
3084,W03148B.mp4,B,thái độ,0,0,W03148T.mp4,17.215,0
3099,W03167T.mp4,T,tháng,1,1,W03167N.mp4,0.267,1
3119,W03204N.mp4,N,thân cây,1,1,W03204T.mp4,0.264,1
3151,W03251B.mp4,B,thìa,0,1,W03251T.mp4,11.925,0
3156,W03252T.mp4,T,thích thú,0,0,W03252B.mp4,12.257,0
33,D0029N.mp4,N,thói quen,1,1,D0029T.mp4,0.268,1
4272,W03288B.mp4,B,thông minh,0,0,W03288T.mp4,14.351,0
3177,W03292T.mp4,T,thông tin,1,1,W03292N.mp4,0.21,1
3198,W03323N.mp4,N,thú dữ,1,1,W03323T.mp4,0.228,1
3199,W03324B.mp4,B,thú y,0,0,W03324T.mp4,16.279,0
4262,W03197T.mp4,T,thăm hỏi,1,1,W03197B.mp4,0.275,1
3187,W03314N.mp4,N,thơm,0,1,W03314T.mp4,0.173,1
3237,W03373B.mp4,B,thương yêu,1,1,W03373T.mp4,0.244,1
209,D0156T.mp4,T,thường xuyên,1,1,D0156N.mp4,0.268,1
3131,W03222N.mp4,N,thầy cô,1,1,W03222T.mp4,0.223,1
3134,W03224B.mp4,B,thầy giáo,0,0,W03224T.mp4,15.019,0
3144,W03239T.mp4,T,thế nào?,1,1,W03239N.mp4,0.192,1
3192,W03320N.mp4,N,thủ công,1,1,W03320B.mp4,8.869,0
3194,W03321B.mp4,B,thủ tướng,0,0,W03321T.mp4,15.749,0
4286,W03345T.mp4,T,thủy điện hòa bình,1,1,W03345N.mp4,0.232,1
3225,W03359N.mp4,N,thừa,1,1,W03359T.mp4,0.106,1
3227,W03361B.mp4,B,thừa thiên – huế,0,0,W03361T.mp4,14.985,0
3251,W03392T.mp4,T,tiếc,1,1,W03392B.mp4,0.261,1
3257,W03409N.mp4,N,tiếng anh,1,1,W03409T.mp4,0.184,1
3262,W03421B.mp4,B,tiếp tục,0,0,W03421T.mp4,16.746,0
3266,W03422T.mp4,T,tiết kiệm,0,0,W03422N.mp4,13.952,0
3297,W03471N.mp4,N,toa xe,1,1,W03471T.mp4,0.23,1
3299,W03472B.mp4,B,toà án,0,0,W03472T.mp4,17.927,0
4306,W03571T.mp4,T,tre,1,1,W03571N.mp4,7.67,0
3369,W03611N.mp4,N,trong ngoài,1,1,W03611T.mp4,0.241,1
3395,W03642B.mp4,B,trung quốc (nước trung quốc),1,1,W03642T.mp4,0.256,1
3399,W03645T.mp4,T,trung thu,1,1,W03645N.mp4,0.266,1
3378,W03620N.mp4,N,trông chờ,1,1,W03620T.mp4,0.236,1
3381,W03622B.mp4,B,trông nom,0,0,W03622T.mp4,16.238,0
4317,W03649T.mp4,T,trúng tuyển,1,1,W03649N.mp4,0.274,1
4303,W03550N.mp4,N,trăng,1,1,W03550T.mp4,0.249,1
3412,W03669B.mp4,B,trước,1,1,W03669T.mp4,0.283,1
4321,W03673T.mp4,T,trường mầm non,1,1,W03673N.mp4,0.251,1
3419,W03674N.mp4,N,trường ptcs (cấp 2),1,1,W03674T.mp4,0.266,1
3421,W03675B.mp4,B,trường thpt ( cấp 3),0,0,W03675T.mp4,15.891,0
3350,W03552T.mp4,T,trắng muốt,1,1,W03552N.mp4,0.263,1
541,D0464N.mp4,N,trẻ con/con nít,1,1,D0464T.mp4,0.235,1
4310,W03602B.mp4,B,trọc đầu,0,0,W03602T.mp4,16.723,0
3376,W03619T.mp4,T,trốn chạy,1,1,W03619N.mp4,0.215,1
3391,W03636N.mp4,N,trụi lá,1,1,W03636T.mp4,0.221,1
3408,W03659B.mp4,B,trứng,0,0,W03659T.mp4,16.275,0
3430,W03685T.mp4,T,tuần,0,0,W03685N.mp4,13.958,0
78,D0053N.mp4,N,tuần lễ người điếc thế giới,0,0,D0053B.mp4,12.857,0
487,D0416B.mp4,B,tuần này,0,0,D0416T.mp4,7.25,0
492,D0417T.mp4,T,tuần sau,1,1,D0417N.mp4,0.255,1
494,D0418N.mp4,N,tuần trước,1,1,D0418T.mp4,4.804,0
3051,W03085B.mp4,B,tàu hoả,0,1,W03085T.mp4,18.009,0
4239,W03071T.mp4,T,tái phạm,1,1,W03071N.mp4,0.275,1
3274,W03433N.mp4,N,tìm hiểu,0,0,W03433B.mp4,16.281,0
504,D0429B.mp4,B,tóc ngắn,0,1,D0429T.mp4,0.213,1
3311,W03486T.mp4,T,tô màu,0,1,W03486N.mp4,0.281,1
3672,W04056N.mp4,N,tôi yêu bạn,0,0,W04056T.mp4,10.492,0
149,D0111B.mp4,B,tương ớt,1,1,D0111T.mp4,0.266,1
4324,W03727T.mp4,T,tưới cây,1,1,W03727N.mp4,0.263,1
4325,W03732N.mp4,N,tưởng tượng,1,1,W03732.mp4,13.342,0
3062,W03105B.mp4,B,tấm vải,1,1,W03105T.mp4,0.225,1
52,D0040T.mp4,T,tết hàn thực,0,1,D0040B.mp4,10.244,0
4253,W03134N.mp4,N,tết trung thu,1,1,W03134T.mp4,0.236,1
507,D0430B.mp4,B,tổng kết/bế giảng,0,1,D0430T.mp4,9.71,0
3321,W03505T.mp4,T,tổng thống,1,1,W03505N.mp4,0.198,1
3324,W03508N.mp4,N,tờ báo,1,1,W03508T.mp4,0.247,1
3326,W03509B.mp4,B,tờ giấy,0,0,W03509T.mp4,14.86,0
140,D0103T.mp4,T,từ chối,1,1,D0103N.mp4,0.253,1
3445,W03714N.mp4,N,từ trái nghĩa,0,1,W03714T.mp4,0.258,1
3448,W03717B.mp4,B,tự do,0,0,W03717T.mp4,12.282,0
3452,W03719T.mp4,T,tự lập,0,0,W03719N.mp4,13.486,0
3454,W03720N.mp4,N,tự tin,1,1,W03720T.mp4,0.275,1
3456,W03722B.mp4,B,tự vệ,0,0,W03722T.mp4,16.144,0
288,D0213T.mp4,T,ung thư,1,1,D0213B.mp4,0.219,1
3568,W03888N.mp4,N,vui chơi,0,0,W03888T.mp4,18.091,0
3570,W03889B.mp4,B,vui mừng,1,1,W03889T.mp4,0.189,1
3575,W03890T.mp4,T,vui sướng,1,1,W03890B.mp4,0.173,1
3525,W03825N.mp4,N,vì sao?,1,1,W03825T.mp4,0.246,1
3529,W03828B.mp4,B,ví dụ,1,1,W03828T.mp4,0.303,1
106,D0066T.mp4,T,vô duyên,1,1,D0066N.mp4,0.266,1
3499,W03793N.mp4,N,văn nghệ,0,0,W03793B.mp4,8.153,0
399,D0326B.mp4,B,vải lụa,1,1,D0326T.mp4,0.269,1
3507,W03799T.mp4,T,vấn đề,1,1,W03799N.mp4,0.271,1
227,D0168N.mp4,N,vẫn,1,1,D0168T.mp4,0.259,1
3514,W03809B.mp4,B,vật nuôi,0,0,W03809T.mp4,17.589,0
3504,W03795T.mp4,T,vắng,0,0,W03795B.mp4,15.33,0
3811,D0517N.mp4,N,x,0,1,D0517T.mp4,0.241,1
3598,W03938B.mp4,B,xanh xao,0,0,W03938T.mp4,9.608,0
3621,W03962T.mp4,T,xe cảnh sát,0,1,W03962N.mp4,0.255,1
3625,W03967N.mp4,N,xe khách,0,0,W03967T.mp4,10.068,0
259,D0192B.mp4,B,xem,0,1,D0192T.mp4,5.422,0
3650,W04010T.mp4,T,xuất hiện,0,1,W04010N.mp4,0.217,1
3588,W03930N.mp4,N,xà phòng,0,0,W03930B.mp4,8.663,0
3590,W03931B.mp4,B,xà phòng giặt,0,0,W03931T.mp4,14.752,0
3614,W03956T.mp4,T,xây,0,1,W03956N.mp4,0.296,1
3595,W03935N.mp4,N,xã hội,1,1,W03935T.mp4,0.267,1
3657,W04025B.mp4,B,xưa,0,0,W04025T.mp4,21.456,0
3676,W04057T.mp4,T,yêu cầu,1,1,W04057N.mp4,0.233,1
3678,W04058N.mp4,N,yêu mến (yêu quí),1,1,W04058T.mp4,0.223,1
3679,W04059B.mp4,B,yếu,0,0,W04059T.mp4,14.974,0
690,W00035T.mp4,T,áo phông,1,1,W00035N.mp4,6.624,0
685,W00032N.mp4,N,áo đồng phục,0,1,W00032T.mp4,0.278,1
566,D0491B.mp4,B,â,0,0,D0491T.mp4,18.623,0
704,W00057T.mp4,T,ân hận,0,0,W00057N.mp4,14.44,0
574,D0497N.mp4,N,ê,1,1,D0497T.mp4,0.265,1
584,D0507B.mp4,B,ô,0,0,D0507T.mp4,20.704,0
198,D0151T.mp4,T,ông bà,1,1,D0151B.mp4,0.257,1
2686,W02575N.mp4,N,ông ngoại,0,0,W02575T.mp4,18.293,0
2689,W02576B.mp4,B,ông nội,0,0,W02576T.mp4,11.833,0
3664,W04038T.mp4,T,ý nghĩa,1,1,W04038N.mp4,0.212,1
565,D0490N.mp4,N,ă,1,1,D0490T.mp4,0.244,1
1638,W01153B.mp4,B,đen láy (như đen nhánh),0,0,W01153T.mp4,16.923,0
212,D0157T.mp4,T,đi dạo,1,1,D0157B.mp4,0.252,1
1683,W01205N.mp4,N,điện,1,1,W01205T.mp4,0.239,1
1641,W01154B.mp4,B,đèn báo giao thông,0,0,W01154T.mp4,14.009,0
1648,W01159T.mp4,T,đèn pin,0,0,W01159N.mp4,15.87,0
1650,W01161N.mp4,N,đèn vàng,0,0,W01161B.mp4,10.581,0
4006,W01162B.mp4,B,đèn xanh,0,0,W01162T.mp4,16.972,0
1646,W01155T.mp4,T,đèn điện,1,1,W01155N.mp4,0.25,1
1655,W01165N.mp4,N,đèo hải vân,1,1,W01165T.mp4,0.241,1
3795,D0437B.mp4,B,đùa,0,0,D0437T.mp4,10.823,0
158,D0119T.mp4,T,đúng không?,1,1,D0119B.mp4,7.709,0
3991,W01082N.mp4,N,đại diện,0,0,W01082B.mp4,13.908,0
1613,W01122B.mp4,B,đặc biệt,0,0,W01122T.mp4,11.127,0
265,D0195T.mp4,T,đẹp không?,1,1,D0195B.mp4,0.158,1
170,D0128N.mp4,N,đẹp không? (người),0,1,D0128T.mp4,8.353,0
1662,W01177B.mp4,B,đề nghị,0,0,W01177T.mp4,16.091,0
2,D0001T.mp4,T,địa chỉ,1,1,D0001N.mp4,0.235,1
1744,W01294N.mp4,N,đồng phục,1,1,W01294T.mp4,0.294,1
1752,W01304B.mp4,B,đợi,1,1,W01304T.mp4,0.184,1
3481,W03758T.mp4,T,ưu tiên,1,1,W03758N.mp4,0.228,1
2696,W02580N.mp4,N,ở ngoài,1,1,W02580T.mp4,0.235,1
3479,W03751B.mp4,B,ủy quyền,0,1,W03751T.mp4,0.284,1
