sample_id,symbol,signer_id,source,landmark_path,num_frames,fps,width,height,detection_rate,mediapipe_version,extractor
user1_aa_angled_side_rep2,â,user1,collected_targeted,user1/user1_aa_angled_side_rep2.npz,60,30.0,640,480,1.0,0.10.14,mp.solutions.hands
user1_aa_tilted_down_rep1,â,user1,collected_targeted,user1/user1_aa_tilted_down_rep1.npz,60,30.0,640,480,1.0,0.10.14,mp.solutions.hands
user1_aw_angled_side_rep1,ă,user1,collected_targeted,user1/user1_aw_angled_side_rep1.npz,60,30.0,640,480,0.9666666666666667,0.10.14,mp.solutions.hands
user1_aw_angled_side_rep2,ă,user1,collected_targeted,user1/user1_aw_angled_side_rep2.npz,60,30.0,640,480,1.0,0.10.14,mp.solutions.hands
user1_aw_straight_rep1,ă,user1,collected_targeted,user1/user1_aw_straight_rep1.npz,60,30.0,640,480,0.9666666666666667,0.10.14,mp.solutions.hands
user1_aw_straight_rep2,ă,user1,collected_targeted,user1/user1_aw_straight_rep2.npz,60,30.0,640,480,0.9833333333333333,0.10.14,mp.solutions.hands
user1_aw_tilted_down_rep1,ă,user1,collected_targeted,user1/user1_aw_tilted_down_rep1.npz,60,30.0,640,480,0.9833333333333333,0.10.14,mp.solutions.hands
user1_d_angled_side_rep1,d,user1,collected_targeted,user1/user1_d_angled_side_rep1.npz,60,30.0,640,480,1.0,0.10.14,mp.solutions.hands
user1_d_angled_side_rep2,d,user1,collected_targeted,user1/user1_d_angled_side_rep2.npz,60,30.0,640,480,1.0,0.10.14,mp.solutions.hands
user1_d_straight_rep1,d,user1,collected_targeted,user1/user1_d_straight_rep1.npz,60,30.0,640,480,1.0,0.10.14,mp.solutions.hands
user1_d_straight_rep2,d,user1,collected_targeted,user1/user1_d_straight_rep2.npz,60,30.0,640,480,1.0,0.10.14,mp.solutions.hands
user1_d_tilted_down_rep1,d,user1,collected_targeted,user1/user1_d_tilted_down_rep1.npz,60,30.0,640,480,1.0,0.10.14,mp.solutions.hands
user1_d_tilted_down_rep2,d,user1,collected_targeted,user1/user1_d_tilted_down_rep2.npz,60,30.0,640,480,1.0,0.10.14,mp.solutions.hands
user1_i_angled_side_rep1,i,user1,collected_targeted,user1/user1_i_angled_side_rep1.npz,60,30.0,640,480,1.0,0.10.14,mp.solutions.hands
user1_i_angled_side_rep2,i,user1,collected_targeted,user1/user1_i_angled_side_rep2.npz,60,30.0,640,480,1.0,0.10.14,mp.solutions.hands
user1_i_straight_rep2,i,user1,collected_targeted,user1/user1_i_straight_rep2.npz,60,30.0,640,480,1.0,0.10.14,mp.solutions.hands
user1_i_tilted_down_rep1,i,user1,collected_targeted,user1/user1_i_tilted_down_rep1.npz,60,30.0,640,480,1.0,0.10.14,mp.solutions.hands
user1_i_tilted_down_rep2,i,user1,collected_targeted,user1/user1_i_tilted_down_rep2.npz,60,30.0,640,480,1.0,0.10.14,mp.solutions.hands
user1_o_angled_side_rep1,o,user1,collected_targeted,user1/user1_o_angled_side_rep1.npz,60,30.0,640,480,1.0,0.10.14,mp.solutions.hands
user1_o_angled_side_rep2,o,user1,collected_targeted,user1/user1_o_angled_side_rep2.npz,60,30.0,640,480,1.0,0.10.14,mp.solutions.hands
user1_o_straight_rep1,o,user1,collected_targeted,user1/user1_o_straight_rep1.npz,60,30.0,640,480,1.0,0.10.14,mp.solutions.hands
user1_o_straight_rep2,o,user1,collected_targeted,user1/user1_o_straight_rep2.npz,60,30.0,640,480,1.0,0.10.14,mp.solutions.hands
user1_o_tilted_down_rep1,o,user1,collected_targeted,user1/user1_o_tilted_down_rep1.npz,60,30.0,640,480,1.0,0.10.14,mp.solutions.hands
user1_o_tilted_down_rep2,o,user1,collected_targeted,user1/user1_o_tilted_down_rep2.npz,60,30.0,640,480,1.0,0.10.14,mp.solutions.hands
user1_s_angled_side_rep1,s,user1,collected_targeted,user1/user1_s_angled_side_rep1.npz,60,30.0,640,480,1.0,0.10.14,mp.solutions.hands
user1_s_angled_side_rep2,s,user1,collected_targeted,user1/user1_s_angled_side_rep2.npz,60,30.0,640,480,1.0,0.10.14,mp.solutions.hands
user1_s_straight_rep1,s,user1,collected_targeted,user1/user1_s_straight_rep1.npz,60,30.0,640,480,1.0,0.10.14,mp.solutions.hands
user1_s_straight_rep2,s,user1,collected_targeted,user1/user1_s_straight_rep2.npz,60,30.0,640,480,1.0,0.10.14,mp.solutions.hands
user1_s_tilted_down_rep1,s,user1,collected_targeted,user1/user1_s_tilted_down_rep1.npz,60,30.0,640,480,1.0,0.10.14,mp.solutions.hands
user1_s_tilted_down_rep2,s,user1,collected_targeted,user1/user1_s_tilted_down_rep2.npz,60,30.0,640,480,1.0,0.10.14,mp.solutions.hands
user1_aa_straight_rep1,â,user1,collected_targeted,user1/user1_aa_straight_rep1.npz,60,30.0,640,480,0.85,0.10.14,mp.solutions.hands
user1_aa_straight_rep2,â,user1,collected_targeted,user1/user1_aa_straight_rep2.npz,60,30.0,640,480,1.0,0.10.14,mp.solutions.hands
user1_aa_tilted_down_rep2,â,user1,collected_targeted,user1/user1_aa_tilted_down_rep2.npz,60,30.0,640,480,1.0,0.10.14,mp.solutions.hands
user1_aa_angled_side_rep1,â,user1,collected_targeted,user1/user1_aa_angled_side_rep1.npz,60,30.0,640,480,1.0,0.10.14,mp.solutions.hands
user1_aw_tilted_down_rep2,ă,user1,collected_targeted,user1/user1_aw_tilted_down_rep2.npz,60,30.0,640,480,0.7666666666666667,0.10.14,mp.solutions.hands
user1_i_straight_rep1,i,user1,collected_targeted,user1/user1_i_straight_rep1.npz,60,30.0,640,480,1.0,0.10.14,mp.solutions.hands
