video_id,file_name,file_path,file_size_mb,gloss_raw,gloss_normalized,possible_region_or_dialect,possible_signer_id,num_frames,fps,width,height,fast_md5,status,dialect,recording_group,split
661,W00009B.mp4,C:\Users\Admin\Python Advanced\Deep Learning - CV\Project\data\Dataset\Videos\W00009B.mp4,0.503,Anh (nước Anh),anh (nước anh),B (Miền Bắc / North),unknown,106,29.97,1280,720,5a401a37b062ae280eb5cf86d00eb4b5,VALID,B,RG00041,train
666,W00012B.mp4,C:\Users\Admin\Python Advanced\Deep Learning - CV\Project\data\Dataset\Videos\W00012B.mp4,0.801,anh dũng,anh dũng,B (Miền Bắc / North),unknown,154,29.97,1280,720,017177b190aae6fb59eb0f794e96b1f8,VALID,B,RG00186,train
669,W00013N.mp4,C:\Users\Admin\Python Advanced\Deep Learning - CV\Project\data\Dataset\Videos\W00013N.mp4,0.494,anh em,anh em,N (Miền Nam / South),unknown,120,29.97,1280,720,a94aae678cf2ce8bff2a0e6280719a33,VALID,N,RG00189,train
670,W00013T.mp4,C:\Users\Admin\Python Advanced\Deep Learning - CV\Project\data\Dataset\Videos\W00013T.mp4,0.492,anh em,anh em,T (Miền Trung / Central),unknown,120,29.97,1280,720,4ff96173bdbce937af535c15167ee454,VALID,T,RG00189,train
185,D0143B.mp4,C:\Users\Admin\Python Advanced\Deep Learning - CV\Project\data\Dataset\Videos\D0143B.mp4,0.299,"anh hai, anh cả","anh hai, anh cả",B (Miền Bắc / North),unknown,72,29.97,1280,720,0bd99ff17377f970f04a64cb74004fe0,VALID,B,RG00190,train
187,D0143T.mp4,C:\Users\Admin\Python Advanced\Deep Learning - CV\Project\data\Dataset\Videos\D0143T.mp4,0.299,"anh hai, anh cả","anh hai, anh cả",T (Miền Trung / Central),unknown,72,29.97,1280,720,b4fe2f61e3505fed6d26c72cc4b8c31a,VALID,T,RG00190,train
676,W00019B.mp4,C:\Users\Admin\Python Advanced\Deep Learning - CV\Project\data\Dataset\Videos\W00019B.mp4,0.913,anh ruột,anh ruột,B (Miền Bắc / North),unknown,177,29.97,1280,720,31344df6d0543a46319c75d301c4cec5,VALID,B,RG00194,train
673,W00018B.mp4,C:\Users\Admin\Python Advanced\Deep Learning - CV\Project\data\Dataset\Videos\W00018B.mp4,0.318,anh rể,anh rể,B (Miền Bắc / North),unknown,75,29.97,1280,720,5f07869b34a01856bbea0f9f0feddc9c,VALID,B,RG00196,train
980,W00374T.mp4,C:\Users\Admin\Python Advanced\Deep Learning - CV\Project\data\Dataset\Videos\W00374T.mp4,0.859,buông màn,buông màn,T (Miền Trung / Central),unknown,152,29.97,1280,720,61e07c76049f42c413e348d131a35431,VALID,T,RG00229,train
714,W00075B.mp4,C:\Users\Admin\Python Advanced\Deep Learning - CV\Project\data\Dataset\Videos\W00075B.mp4,0.782,bài thơ,bài thơ,B (Miền Bắc / North),unknown,177,29.97,1280,720,c15896d357b304355ffab491043d7c2f,VALID,B,RG00246,train
932,W00336N.mp4,C:\Users\Admin\Python Advanced\Deep Learning - CV\Project\data\Dataset\Videos\W00336N.mp4,0.487,bông hoa,bông hoa,N (Miền Nam / South),unknown,114,29.97,1280,720,2a4ce930a6ea5a78c71553e83b3f3b01,VALID,N,RG00335,train
933,W00336T.mp4,C:\Users\Admin\Python Advanced\Deep Learning - CV\Project\data\Dataset\Videos\W00336T.mp4,0.488,bông hoa,bông hoa,T (Miền Trung / Central),unknown,114,29.97,1280,720,b8e483c0455f3be50531f3ba6fea4cb7,VALID,T,RG00335,train
917,W00326B.mp4,C:\Users\Admin\Python Advanced\Deep Learning - CV\Project\data\Dataset\Videos\W00326B.mp4,0.442,bố dượng,bố dượng,B (Miền Bắc / North),unknown,112,29.97,1280,720,54b244013e3af4cf034187f24f6df907,VALID,B,RG00459,train
934,W00337B.mp4,C:\Users\Admin\Python Advanced\Deep Learning - CV\Project\data\Dataset\Videos\W00337B.mp4,0.895,bốt cảnh sát,bốt cảnh sát,B (Miền Bắc / North),unknown,148,29.97,1280,720,3ad0b7e7fb4b322a331f526bf07e699e,VALID,B,RG00468,train
936,W00338B.mp4,C:\Users\Admin\Python Advanced\Deep Learning - CV\Project\data\Dataset\Videos\W00338B.mp4,0.846,bốt điện,bốt điện,B (Miền Bắc / North),unknown,133,29.97,1280,720,c9a135dcf8f571e2d36c7abad355c340,VALID,B,RG00470,train
990,W00386B.mp4,C:\Users\Admin\Python Advanced\Deep Learning - CV\Project\data\Dataset\Videos\W00386B.mp4,1.071,bức tranh,bức tranh,B (Miền Bắc / North),unknown,178,29.97,1280,720,6eb9098346933542ca13099004c7855d,VALID,B,RG00500,train
992,W00386T.mp4,C:\Users\Admin\Python Advanced\Deep Learning - CV\Project\data\Dataset\Videos\W00386T.mp4,1.066,bức tranh,bức tranh,T (Miền Trung / Central),unknown,178,29.97,1280,720,201212133027e699219ba508244682fc,VALID,T,RG00500,train
1274,W00708B.mp4,C:\Users\Admin\Python Advanced\Deep Learning - CV\Project\data\Dataset\Videos\W00708B.mp4,0.485,chữa bài,chữa bài,B (Miền Bắc / North),unknown,103,29.97,1280,720,2eb43cbe77e6e11995b368011a8cf179,VALID,B,RG00760,train
1276,W00708T.mp4,C:\Users\Admin\Python Advanced\Deep Learning - CV\Project\data\Dataset\Videos\W00708T.mp4,0.486,chữa bài,chữa bài,T (Miền Trung / Central),unknown,103,29.97,1280,720,13a8ea73a89ccf6042f687f57c2a915a,VALID,T,RG00760,train
382,D0307B.mp4,C:\Users\Admin\Python Advanced\Deep Learning - CV\Project\data\Dataset\Videos\D0307B.mp4,0.402,công nghiệp,công nghiệp,B (Miền Bắc / North),unknown,93,29.97,1280,720,242e62fd25dbc894e4ec52b5657e2ccc,VALID,B,RG00950,train
1421,W00850B.mp4,C:\Users\Admin\Python Advanced\Deep Learning - CV\Project\data\Dataset\Videos\W00850B.mp4,0.538,công viên,công viên,B (Miền Bắc / North),unknown,99,29.97,1280,720,6e7b48824745b1c9eb2ef308ce1e899c,VALID,B,RG00957,train
3730,D0122N.mp4,C:\Users\Admin\Python Advanced\Deep Learning - CV\Project\data\Dataset\Videos\D0122N.mp4,0.32,cần không?,cần không?,N (Miền Nam / South),unknown,78,29.97,1280,720,29f83656b665dcc3085384225fdd8044,VALID,N,RG01011,train
163,D0122T.mp4,C:\Users\Admin\Python Advanced\Deep Learning - CV\Project\data\Dataset\Videos\D0122T.mp4,0.32,cần không?,cần không?,T (Miền Trung / Central),unknown,78,29.97,1280,720,446ef693c975c5d43e54797d94cf2d3e,VALID,T,RG01011,train
4057,W01578B.mp4,C:\Users\Admin\Python Advanced\Deep Learning - CV\Project\data\Dataset\Videos\W01578B.mp4,0.439,héc-tô-mét vuông (hm2),héc-tô-mét vuông (hm2),B (Miền Bắc / North),unknown,98,29.97,1280,720,4dcba66e03cf70a741f1098944d33843,VALID,B,RG01487,train
43,D0033N.mp4,C:\Users\Admin\Python Advanced\Deep Learning - CV\Project\data\Dataset\Videos\D0033N.mp4,0.658,không cho,không cho,N (Miền Nam / South),unknown,125,29.97,1280,720,c330785ff4913e416dbcfb2586f9574b,VALID,N,RG01657,train
41,D0033T.mp4,C:\Users\Admin\Python Advanced\Deep Learning - CV\Project\data\Dataset\Videos\D0033T.mp4,0.657,không cho,không cho,T (Miền Trung / Central),unknown,125,29.97,1280,720,bf4328261fece0386071ca84b40d3d06,VALID,T,RG01657,train
285,D0210T.mp4,C:\Users\Admin\Python Advanced\Deep Learning - CV\Project\data\Dataset\Videos\D0210T.mp4,0.504,không dám,không dám,T (Miền Trung / Central),unknown,101,29.97,1280,720,0cc6bd84f12fa648b85b1844025a61a9,VALID,T,RG01663,train
4081,W01840B.mp4,C:\Users\Admin\Python Advanced\Deep Learning - CV\Project\data\Dataset\Videos\W01840B.mp4,0.56,không hiểu,không hiểu,B (Miền Bắc / North),unknown,98,29.97,1280,720,8c535521964bb8fa008e01c91fcc3b1b,VALID,B,RG01665,train
256,D0190B.mp4,C:\Users\Admin\Python Advanced\Deep Learning - CV\Project\data\Dataset\Videos\D0190B.mp4,0.328,không muốn,không muốn,B (Miền Bắc / North),unknown,95,29.97,1280,720,4f182fee6818f38307e66b27a250a524,VALID,B,RG01668,train
37,D0031N.mp4,C:\Users\Admin\Python Advanced\Deep Learning - CV\Project\data\Dataset\Videos\D0031N.mp4,0.418,không nghe lời,không nghe lời,N (Miền Nam / South),unknown,97,29.97,1280,720,c0e6561db8be80f1bd4fbb5928671640,VALID,N,RG01671,train
38,D0031T.mp4,C:\Users\Admin\Python Advanced\Deep Learning - CV\Project\data\Dataset\Videos\D0031T.mp4,0.417,không nghe lời,không nghe lời,T (Miền Trung / Central),unknown,97,29.97,1280,720,e6b5f867916763d5f67f5fb22e0ee1c1,VALID,T,RG01671,train
45,D0035N.mp4,C:\Users\Admin\Python Advanced\Deep Learning - CV\Project\data\Dataset\Videos\D0035N.mp4,0.35,không nên,không nên,N (Miền Nam / South),unknown,95,29.97,1280,720,df554d18a13d45838dd345b9d7cc5eea,VALID,N,RG01674,train
146,D0109B.mp4,C:\Users\Admin\Python Advanced\Deep Learning - CV\Project\data\Dataset\Videos\D0109B.mp4,0.498,không quen,không quen,B (Miền Bắc / North),unknown,91,29.97,1280,720,73334838cb7182ce033613de98a862e4,VALID,B,RG01676,train
148,D0109T.mp4,C:\Users\Admin\Python Advanced\Deep Learning - CV\Project\data\Dataset\Videos\D0109T.mp4,0.493,không quen,không quen,T (Miền Trung / Central),unknown,91,29.97,1280,720,5a3d6f805b0073f6ff2d5ee13d1dcbf6,VALID,T,RG01676,train
172,D0129B.mp4,C:\Users\Admin\Python Advanced\Deep Learning - CV\Project\data\Dataset\Videos\D0129B.mp4,0.53,không đẹp,không đẹp,B (Miền Bắc / North),unknown,108,29.97,1280,720,e4d54183297d83da799123876b72845d,VALID,B,RG01679,train
254,D0189N.mp4,C:\Users\Admin\Python Advanced\Deep Learning - CV\Project\data\Dataset\Videos\D0189N.mp4,0.347,muốn không?,muốn không?,N (Miền Nam / South),unknown,80,29.97,1280,720,aad51bf8e5e9c036aa2939129873fa7a,VALID,N,RG01933,train
255,D0189T.mp4,C:\Users\Admin\Python Advanced\Deep Learning - CV\Project\data\Dataset\Videos\D0189T.mp4,0.349,muốn không?,muốn không?,T (Miền Trung / Central),unknown,80,29.97,1280,720,e66a0ac6a1fe9151d68ed23af622ad72,VALID,T,RG01933,train
2425,W02243.mp4,C:\Users\Admin\Python Advanced\Deep Learning - CV\Project\data\Dataset\Videos\W02243.mp4,0.593,môn Kĩ thuật,môn kĩ thuật,Neutral / Unspecified,unknown,103,29.97,1280,720,ed26a547206b2c258c2549487e795e43,VALID,Other,RG01998,train
2427,W02243N.mp4,C:\Users\Admin\Python Advanced\Deep Learning - CV\Project\data\Dataset\Videos\W02243N.mp4,0.568,môn Kĩ thuật,môn kĩ thuật,N (Miền Nam / South),unknown,103,29.97,1280,720,2f0a9870ec417a89d4812f278ba1f41f,VALID,N,RG01998,train
2428,W02243T.mp4,C:\Users\Admin\Python Advanced\Deep Learning - CV\Project\data\Dataset\Videos\W02243T.mp4,0.563,môn Kĩ thuật,môn kĩ thuật,T (Miền Trung / Central),unknown,103,29.97,1280,720,2d9933d9e4ec83c84f900c83c0066a70,VALID,T,RG01998,train
80,D0054B.mp4,C:\Users\Admin\Python Advanced\Deep Learning - CV\Project\data\Dataset\Videos\D0054B.mp4,0.684,ngày của Mẹ,ngày của mẹ,B (Miền Bắc / North),unknown,137,29.97,1280,720,cb792f2ae9e632baffe7696c03476435,VALID,B,RG02177,train
82,D0054T.mp4,C:\Users\Admin\Python Advanced\Deep Learning - CV\Project\data\Dataset\Videos\D0054T.mp4,0.687,ngày của Mẹ,ngày của mẹ,T (Miền Trung / Central),unknown,137,29.97,1280,720,ba3e883cbfa2db52cddc4dba6f6256da,VALID,T,RG02177,train
165,D0123N.mp4,C:\Users\Admin\Python Advanced\Deep Learning - CV\Project\data\Dataset\Videos\D0123N.mp4,0.318,nên không?,nên không?,N (Miền Nam / South),unknown,67,29.97,1280,720,df50b2b3e141175ed88c209965776b76,VALID,N,RG02358,train
166,D0123T.mp4,C:\Users\Admin\Python Advanced\Deep Learning - CV\Project\data\Dataset\Videos\D0123T.mp4,0.319,nên không?,nên không?,T (Miền Trung / Central),unknown,67,29.97,1280,720,d4677c844e9535c5544a7a184f37fc6d,VALID,T,RG02358,train
2786,W02716B.mp4,C:\Users\Admin\Python Advanced\Deep Learning - CV\Project\data\Dataset\Videos\W02716B.mp4,0.623,phương tiện giao thông,phương tiện giao thông,B (Miền Bắc / North),unknown,100,29.97,1280,720,ee106c88332ac35ab9059649a470b5cf,VALID,B,RG02490,train
2788,W02716T.mp4,C:\Users\Admin\Python Advanced\Deep Learning - CV\Project\data\Dataset\Videos\W02716T.mp4,0.569,phương tiện giao thông,phương tiện giao thông,T (Miền Trung / Central),unknown,100,29.97,1280,720,76f28a2361ab373aceb246f6bd173e10,VALID,T,RG02490,train
160,D0120N.mp4,C:\Users\Admin\Python Advanced\Deep Learning - CV\Project\data\Dataset\Videos\D0120N.mp4,0.425,phải không?,phải không?,N (Miền Nam / South),unknown,113,29.97,1280,720,93e09d616a94c5c53a6158cb599dcd03,VALID,N,RG02494,train
3104,W03175B.mp4,C:\Users\Admin\Python Advanced\Deep Learning - CV\Project\data\Dataset\Videos\W03175B.mp4,0.567,thành lập,thành lập,B (Miền Bắc / North),unknown,123,29.97,1280,720,0ffdd31b35c56eaee53a46007b288253,VALID,B,RG02895,train
3106,W03175T.mp4,C:\Users\Admin\Python Advanced\Deep Learning - CV\Project\data\Dataset\Videos\W03175T.mp4,0.572,thành lập,thành lập,T (Miền Trung / Central),unknown,123,29.97,1280,720,4bf60afc561b8ceb4c28f5b14645a558,VALID,T,RG02895,train
4272,W03288B.mp4,C:\Users\Admin\Python Advanced\Deep Learning - CV\Project\data\Dataset\Videos\W03288B.mp4,0.465,thông minh,thông minh,B (Miền Bắc / North),unknown,88,29.97,1280,720,5e9a1885c6a43d1bef6e307a83b7f08b,VALID,B,RG02937,train
3176,W03292N.mp4,C:\Users\Admin\Python Advanced\Deep Learning - CV\Project\data\Dataset\Videos\W03292N.mp4,0.316,thông tin,thông tin,N (Miền Nam / South),unknown,70,29.97,1280,720,d5c5e5b5f1b5812ce15f9b634f2a3d2e,VALID,N,RG02942,train
3177,W03292T.mp4,C:\Users\Admin\Python Advanced\Deep Learning - CV\Project\data\Dataset\Videos\W03292T.mp4,0.314,thông tin,thông tin,T (Miền Trung / Central),unknown,70,29.97,1280,720,60ace4beed0b190d311aace6772199e3,VALID,T,RG02942,train
3238,W03373N.mp4,C:\Users\Admin\Python Advanced\Deep Learning - CV\Project\data\Dataset\Videos\W03373N.mp4,0.346,thương yêu,thương yêu,N (Miền Nam / South),unknown,80,29.97,1280,720,c306ae291d6cb45e05a49718e928a819,VALID,N,RG02959,train
3237,W03373B.mp4,C:\Users\Admin\Python Advanced\Deep Learning - CV\Project\data\Dataset\Videos\W03373B.mp4,0.731,thương yêu,thương yêu,B (Miền Bắc / North),unknown,127,29.97,1280,720,94c574ea797c9193cd45559143878f9c,VALID,B,RG02958,train
3239,W03373T.mp4,C:\Users\Admin\Python Advanced\Deep Learning - CV\Project\data\Dataset\Videos\W03373T.mp4,0.728,thương yêu,thương yêu,T (Miền Trung / Central),unknown,127,29.97,1280,720,9fec3ad30244a25ab81993d9f78793f6,VALID,T,RG02958,train
3741,D0156N.mp4,C:\Users\Admin\Python Advanced\Deep Learning - CV\Project\data\Dataset\Videos\D0156N.mp4,0.725,thường xuyên,thường xuyên,N (Miền Nam / South),unknown,139,29.97,1280,720,5a710ab8ead5fed2656aafaf6d869884,VALID,N,RG02964,train
209,D0156T.mp4,C:\Users\Admin\Python Advanced\Deep Learning - CV\Project\data\Dataset\Videos\D0156T.mp4,0.726,thường xuyên,thường xuyên,T (Miền Trung / Central),unknown,139,29.97,1280,720,202f2c7e8dbed22bedaf4462cd3e3dbf,VALID,T,RG02964,train
3193,W03320T.mp4,C:\Users\Admin\Python Advanced\Deep Learning - CV\Project\data\Dataset\Videos\W03320T.mp4,0.549,thủ công,thủ công,T (Miền Trung / Central),unknown,114,29.97,1280,720,9d630fab71de222e1f331df4fa50131c,VALID,T,RG03012,train
3377,W03620B.mp4,C:\Users\Admin\Python Advanced\Deep Learning - CV\Project\data\Dataset\Videos\W03620B.mp4,0.715,trông chờ,trông chờ,B (Miền Bắc / North),unknown,132,29.97,1280,720,8a6a19096023c77657871f351289a51b,VALID,B,RG03111,train
3381,W03622B.mp4,C:\Users\Admin\Python Advanced\Deep Learning - CV\Project\data\Dataset\Videos\W03622B.mp4,0.695,trông nom,trông nom,B (Miền Bắc / North),unknown,133,29.97,1280,720,8999a043d5f8c84afcd2dd23e640136f,VALID,B,RG03115,train
3464,W03732.mp4,C:\Users\Admin\Python Advanced\Deep Learning - CV\Project\data\Dataset\Videos\W03732.mp4,0.694,tưởng tượng,tưởng tượng,Neutral / Unspecified,unknown,148,29.97,1280,720,d3ed9c4fa0598aa45d1ed848d2844f72,VALID,Other,RG03272,train
689,W00035N.mp4,C:\Users\Admin\Python Advanced\Deep Learning - CV\Project\data\Dataset\Videos\W00035N.mp4,0.823,áo phông,áo phông,N (Miền Nam / South),unknown,161,29.97,1280,720,e9cb2ec44d6c2b1b6a0e381bdd7f7cb3,VALID,N,RG03601,train
196,D0151B.mp4,C:\Users\Admin\Python Advanced\Deep Learning - CV\Project\data\Dataset\Videos\D0151B.mp4,0.554,ông bà,ông bà,B (Miền Bắc / North),unknown,113,29.97,1280,720,fb923b3de44fdf33fcfe227ad37bd97f,VALID,B,RG03628,train
198,D0151T.mp4,C:\Users\Admin\Python Advanced\Deep Learning - CV\Project\data\Dataset\Videos\D0151T.mp4,0.552,ông bà,ông bà,T (Miền Trung / Central),unknown,113,29.97,1280,720,6614490dd01bab4fcd2ef7374af79b22,VALID,T,RG03628,train
2687,W02575B.mp4,C:\Users\Admin\Python Advanced\Deep Learning - CV\Project\data\Dataset\Videos\W02575B.mp4,0.556,ông ngoại,ông ngoại,B (Miền Bắc / North),unknown,109,29.97,1280,720,9733be139617628fb4e32c23cefa5a78,VALID,B,RG03631,train
2688,W02575T.mp4,C:\Users\Admin\Python Advanced\Deep Learning - CV\Project\data\Dataset\Videos\W02575T.mp4,0.512,ông ngoại,ông ngoại,T (Miền Trung / Central),unknown,109,29.97,1280,720,27fa7858033e436ed5db19b4b4cf05ec,VALID,T,RG03631,train
2690,W02576N.mp4,C:\Users\Admin\Python Advanced\Deep Learning - CV\Project\data\Dataset\Videos\W02576N.mp4,0.353,ông nội,ông nội,N (Miền Nam / South),unknown,84,29.97,1280,720,bc0d3be4e56a23f63707b88f3a5a3d56,VALID,N,RG03634,train
1642,W01154N.mp4,C:\Users\Admin\Python Advanced\Deep Learning - CV\Project\data\Dataset\Videos\W01154N.mp4,0.577,đèn báo giao thông,đèn báo giao thông,N (Miền Nam / South),unknown,109,29.97,1280,720,636fac3c638abf51b7589a60ca0a0938,VALID,N,RG03742,train
1643,W01154T.mp4,C:\Users\Admin\Python Advanced\Deep Learning - CV\Project\data\Dataset\Videos\W01154T.mp4,0.571,đèn báo giao thông,đèn báo giao thông,T (Miền Trung / Central),unknown,109,29.97,1280,720,19caf148c82346f12911cc21c91572ad,VALID,T,RG03742,train
158,D0119T.mp4,C:\Users\Admin\Python Advanced\Deep Learning - CV\Project\data\Dataset\Videos\D0119T.mp4,0.379,đúng không?,đúng không?,T (Miền Trung / Central),unknown,88,29.97,1280,720,ea394f8c3ead5279417dd4db5418e3b5,VALID,T,RG03780,train
1612,W01122.mp4,C:\Users\Admin\Python Advanced\Deep Learning - CV\Project\data\Dataset\Videos\W01122.mp4,1.799,đặc biệt,đặc biệt,Neutral / Unspecified,unknown,316,29.97,1280,720,780d4c989b55f6a368fb70da77cdc71f,VALID,Other,RG03840,train
264,D0195N.mp4,C:\Users\Admin\Python Advanced\Deep Learning - CV\Project\data\Dataset\Videos\D0195N.mp4,0.491,đẹp không?,đẹp không?,N (Miền Nam / South),unknown,107,29.97,1280,720,109362c93d97e34c3e8395fa5152e374,VALID,N,RG03846,train
169,D0128B.mp4,C:\Users\Admin\Python Advanced\Deep Learning - CV\Project\data\Dataset\Videos\D0128B.mp4,0.465,đẹp không? (người),đẹp không? (người),B (Miền Bắc / North),unknown,94,29.97,1280,720,29bba396bd33b9f56d24a426107cb82f,VALID,B,RG03847,train
171,D0128T.mp4,C:\Users\Admin\Python Advanced\Deep Learning - CV\Project\data\Dataset\Videos\D0128T.mp4,0.467,đẹp không? (người),đẹp không? (người),T (Miền Trung / Central),unknown,94,29.97,1280,720,7677c226d387c854a27d8dfd153967af,VALID,T,RG03847,train
