time_utc,agent,plan,unit,five_before,five_after,five_delta,seven_delta,quality
2026-09-28T04:33Z,vslt-reviewer,04,full review 1-13,34,53,19,2,stale (before read ~6 min after launch; after includes orchestrator work)
2026-09-28T04:53Z,vslt-planner,05,full plan,54,73,19,3,ok
2026-09-28T06:44Z,vslt-coder,05,B0+B1,74,,,,stale (after not updated: written_at 13:28 VN = right after launch; reading 82 predates coder work)
2026-09-28T10:28Z,vslt-coder,05,B2+B3+B4,0,18,18,2,stale (after written 17:15 VN before coder finished 17:28)
2026-09-28T10:35Z,vslt-coder,05,B5,18,,,,stale (after not yet updated; last reading 21 at 17:29 VN predates B5 end)
2026-09-28T10:48Z,vslt-coder,05,B6 (+AC10-d/e),21,33,12,2,stale (after 17:46 VN before coder finished)
2026-09-28T17:40Z,vslt-coder,05,B7+B8,0,,,,stale (usage file older than 20 min at return)
2026-09-28T17:55Z,vslt-reviewer,05,part 1/3 (items 1-4 + AC2 rerun),27,,,,stale (after not updated)
2026-09-28T18:00Z,vslt-reviewer,05,part 2/3 (items 5-9),27,33,6,1,noisy (before read 00:40, after 00:55 before part 2 end)
2026-09-28T18:20Z,vslt-reviewer,05,part 3/3 (items 10-13 + Kaggle),33,,,,stale (after not updated)
2026-09-28T18:35Z,vslt-planner,06,full plan,45,,,,stale (usage: five_hour_used_pct":64)
2026-09-29T03:07Z,vslt-coder,06,stage 1 (B0-B2),0,20,20,3,ok
2026-09-29T03:28Z,vslt-coder,06,stage 2 (B3-B4),20,35,15,2,ok
2026-09-29T03:33Z,vslt-planner,06,revision 1,35,45,10,1,ok
